feature,importance
HeavyAtoms,0.02855225305492219
MolWt,0.026036311917447402
FracCSP3,0.0209190759621025
Morgan_1480,0.01797533206650907
LogP,0.015676253552808755
Morgan_926,0.013911359460891302
AliphRings,0.010674078410814566
Morgan_1019,0.009020874699455799
Morgan_1791,0.00838431241282047
Morgan_935,0.008209677044536054
TPSA,0.008118131521164508
Morgan_1816,0.007040404039991327
Morgan_1145,0.006921663501811732
RotBonds,0.005871427209738497
Morgan_222,0.005760841266467461
Morgan_1325,0.00571107065546853
Morgan_1482,0.005609967212054484
Morgan_675,0.004845313216769597
AromRings,0.004602827434365801
Morgan_1516,0.004424363550772887
Morgan_231,0.004359794492205587
Morgan_1060,0.004221123405020744
Morgan_80,0.004057142548910921
Morgan_561,0.0036241056597439716
Morgan_114,0.0031934260828568404
HBA,0.0030585785571643222
Morgan_1928,0.002924085495934543
Morgan_650,0.0029202780726417144
Morgan_1236,0.002870686941158786
Morgan_1683,0.0028106649907732985
Morgan_1993,0.0027228638593553714
Morgan_482,0.0026682308435573314
Morgan_366,0.002547296512119833
Morgan_1116,0.0024662839365025445
Morgan_191,0.0023595140866518975
Morgan_1771,0.0023228887271395616
Morgan_1057,0.002231676650543016
Morgan_1917,0.0021752285890934042
Morgan_694,0.002143156390834516
Morgan_750,0.0020436833485032854
Morgan_1911,0.0020204992616909903
Morgan_1508,0.002013148936630669
Morgan_610,0.0019993950388606596
Morgan_1,0.00195687410475305
Morgan_656,0.0019161316771276493
Morgan_1716,0.0018406746694326435
Morgan_29,0.0016952199581853119
Morgan_41,0.001679157829691229
Morgan_378,0.0016518454849726175
Morgan_807,0.0016130336940446083
Morgan_875,0.0015285742822558793
Morgan_1627,0.001457101045456393
Morgan_1359,0.0014346379295810572
Morgan_1738,0.0014146755096653876
Morgan_1567,0.0014091131504660862
Morgan_1453,0.0014076912964722083
HBD,0.0013951874073838428
Morgan_489,0.0013924492625615678
Morgan_653,0.0013841362081804867
Morgan_1027,0.0013791918804509304
Morgan_1859,0.0013592326120661247
Morgan_1162,0.0013553151076110548
Morgan_998,0.0013525195683847448
Morgan_1274,0.0012936844695638475
Morgan_1261,0.0012850772394653843
Morgan_834,0.0012828359093753163
Morgan_621,0.001266826444800444
Morgan_1152,0.0012225874463023417
Morgan_407,0.001198463672879599
Morgan_843,0.0011847974700270134
Morgan_864,0.00115364359542357
Morgan_314,0.0011454952095235075
Morgan_385,0.0011145862352904565
Morgan_980,0.00111135779715557
Morgan_816,0.0011004440140185022
Morgan_591,0.0010828502929059816
Morgan_652,0.0010791410008628613
Morgan_680,0.0010724619583773114
Morgan_1754,0.0009732840039232414
Morgan_879,0.0009606227975925476
Morgan_395,0.00095582436501228
Morgan_1308,0.0009296719692610386
Morgan_58,0.0009082662571623843
Morgan_162,0.0009062961684974594
Morgan_74,0.000904082398924823
Morgan_1602,0.0008958217155155121
Morgan_1238,0.0008770379508568559
Morgan_1039,0.0008743009852028888
Morgan_305,0.0008707377664342168
Morgan_79,0.0008707224155980206
Morgan_1631,0.0008704359736157733
Morgan_1312,0.0008590908220936666
Morgan_165,0.0008559891868085145
Morgan_1199,0.0008558729241536407
Morgan_1114,0.0008387675697344542
Morgan_392,0.0008348904192018075
Morgan_1810,0.0008239116713781267
Morgan_1632,0.0008226709444505414
Morgan_739,0.0008181669391949046
Morgan_1171,0.0008110967847940817
Morgan_725,0.0008085955738676651
Morgan_283,0.0007990950282621515
Morgan_682,0.0007956860201404243
Morgan_1108,0.000782531188775344
Morgan_1214,0.0007808937301526742
Morgan_45,0.0007700873226148489
Morgan_1452,0.0007630447425660878
Morgan_708,0.0007565558803126214
Morgan_1385,0.0007501051390426645
Morgan_1163,0.0007266424655792626
Morgan_1604,0.0007142702574996096
Morgan_1689,0.0006950029947554395
Morgan_361,0.0006893698041646888
Morgan_893,0.000682581185199903
Morgan_117,0.0006787361459053602
Morgan_1970,0.0006614249410853577
Morgan_1322,0.0006606847780526043
Morgan_2009,0.0006599545872699956
Morgan_794,0.0006594696366369844
Morgan_216,0.0006558347493945194
Morgan_1070,0.0006552058605820476
Morgan_1410,0.0006537769187037199
Morgan_1991,0.0006508411409879395
Morgan_1444,0.0006412068008963233
Morgan_881,0.0006389760634349169
Morgan_1648,0.000627272100856526
Morgan_667,0.0006219332544133575
Morgan_1847,0.0006191656462318458
Morgan_369,0.0006019727372234121
Morgan_1617,0.0005976162693140728
Morgan_1209,0.0005971839246624799
Morgan_1243,0.0005873981672745206
Morgan_1888,0.000583653959278326
Morgan_1476,0.0005832386181110361
Morgan_1545,0.0005806995504201248
Morgan_1428,0.0005744948521876224
Morgan_1487,0.0005688303559472121
Morgan_227,0.0005677775449410258
Morgan_1295,0.0005666622971875761
Morgan_294,0.0005616773039898589
Morgan_1998,0.0005599135301807512
Morgan_1905,0.0005577957274301548
Morgan_1028,0.0005554155915461553
Morgan_486,0.0005534863204549693
Morgan_1750,0.000552462815579633
Morgan_523,0.0005492546700330108
Morgan_1088,0.0005474299739980276
Morgan_207,0.0005398161665822236
Morgan_1980,0.0005364867795553681
Morgan_1978,0.0005258481287351472
Morgan_1309,0.0005236754452557058
Morgan_1696,0.0005229090885359521
Morgan_350,0.0005179247202918363
Morgan_1855,0.0005130238056627281
Morgan_409,0.0005124905151175064
Morgan_1541,0.0005031720541884152
Morgan_1035,0.0004977239760161062
Morgan_1747,0.00048543611123146475
Morgan_896,0.0004836259535278386
Morgan_1607,0.00048138099798283505
Morgan_1047,0.00048111986451915696
Morgan_928,0.0004810605656246332
Morgan_1530,0.00048093073866377047
Morgan_249,0.00046854236362178596
Morgan_401,0.0004647024642347726
Morgan_1803,0.00046245400257704595
Morgan_1563,0.0004516287806950118
Morgan_1862,0.00044749241667342863
Morgan_1004,0.00043490380929700186
Morgan_1811,0.0004331275693535692
Morgan_1417,0.0004229968430220442
Morgan_1430,0.00041657280962196895
Morgan_695,0.00041582360778596414
Morgan_1572,0.00041010152209316184
Morgan_1660,0.0004091400183185079
Morgan_389,0.0004060846254085662
Morgan_786,0.0004033140728615282
Morgan_1724,0.00039840408588210095
Morgan_1990,0.0003917071823447835
Morgan_1761,0.0003915896543078451
Morgan_190,0.00038697793485421107
Morgan_184,0.0003843950881820345
Morgan_455,0.00038183606690816627
Morgan_1160,0.00038142614335390674
Morgan_857,0.0003778849438926378
Morgan_411,0.0003759229283703121
Morgan_2039,0.0003740985503318215
Morgan_1866,0.0003739043117327383
Morgan_507,0.00037276906717471594
Morgan_1048,0.00037207535095337636
Morgan_1405,0.00037187507022864546
Morgan_1879,0.000370905148335482
Morgan_30,0.0003634476013593701
Morgan_1357,0.00036187519370325716
Morgan_352,0.00036133169682151504
Morgan_769,0.0003609069647326362
Morgan_71,0.0003597539425597768
Morgan_1282,0.000357043192474545
Morgan_1825,0.000350448199802924
Morgan_690,0.00034634868166135975
Morgan_800,0.0003438477935196928
Morgan_119,0.00034261068456703265
Morgan_1459,0.000333002733195652
Morgan_343,0.00032740531770802424
Morgan_1391,0.000325273565123471
Morgan_322,0.0003237182061409701
Morgan_1304,0.0003236053254704374
Morgan_1653,0.0003219725654528053
Morgan_977,0.0003195515529125533
Morgan_1697,0.0003158616174531807
Morgan_1365,0.0003156377137799131
Morgan_341,0.00031476977142527875
Morgan_193,0.00030986820942481205
Morgan_387,0.0003074766639740436
Morgan_5,0.0003064224161798055
Morgan_1111,0.00030493703552199585
Morgan_806,0.00030463705091323296
Morgan_2033,0.0003040339995089953
Morgan_809,0.0003038299146945765
Morgan_1050,0.00030374562251575565
Morgan_371,0.00030369524514343456
Morgan_323,0.0002930997993728094
Morgan_961,0.00028974033480255084
Morgan_1285,0.0002876528366709466
Morgan_1441,0.00028721894144213736
Morgan_319,0.00028633719698789687
Morgan_738,0.00028537413375485406
Morgan_510,0.0002834363302403257
Morgan_13,0.0002823967385997405
Morgan_1538,0.0002810546364659249
Morgan_638,0.0002756910346874793
Morgan_1256,0.00027453097037042463
Morgan_781,0.0002738074769287407
Morgan_1224,0.0002704071330468637
Morgan_1959,0.000268264683698836
Morgan_1457,0.00026507929017706205
Morgan_166,0.00026044047986214033
Morgan_588,0.0002589861279313003
Morgan_116,0.0002565698047274951
Morgan_1367,0.0002536993007205039
Morgan_1292,0.000250453312783841
Morgan_687,0.0002500017706947498
Morgan_1496,0.0002491582854845447
Morgan_1722,0.00024876877833976066
Morgan_1948,0.00024867081746793285
Morgan_674,0.00024788918699564406
Morgan_1564,0.0002450752049177303
Morgan_1254,0.0002443254085448792
Morgan_464,0.00024322546953715394
Morgan_345,0.00023904544113948284
Morgan_1670,0.00023888478337791213
Morgan_219,0.00023781450542256484
Morgan_1570,0.00023398038511672592
Morgan_911,0.00023391017362590073
Morgan_567,0.00023360450100878982
Morgan_1536,0.00023127877970297348
Morgan_1745,0.00023123179088146582
Morgan_8,0.00022855417664240362
Morgan_1708,0.00022847165947142268
Morgan_1815,0.00022718468849944565
Morgan_841,0.00022581622032859247
Morgan_837,0.00022323143412409125
Morgan_699,0.00022259600911725188
Morgan_1257,0.00022246716722528352
Morgan_1399,0.00022235808979848516
Morgan_1915,0.000222096128247472
Morgan_95,0.00022028386281822623
Morgan_1350,0.00021803342052496768
Morgan_1066,0.0002177622024017838
Morgan_1766,0.0002168871524973019
Morgan_1921,0.00021642052245652018
Morgan_1765,0.00021402959824042014
Morgan_767,0.00021322933041377577
Morgan_1594,0.0002124667907141474
Morgan_241,0.0002121660498414891
Morgan_1542,0.00021007555629856353
Morgan_552,0.00021005109451084053
Morgan_1571,0.00020874282091028567
Morgan_1733,0.0002079978617107478
Morgan_832,0.00020799166261298833
Morgan_1517,0.00020694742350337427
Morgan_1603,0.0002067129335862367
Morgan_1102,0.00020525181879500748
Morgan_1941,0.00020476726303667527
Morgan_1077,0.0002039895766502267
Morgan_831,0.0002033442320906501
Morgan_643,0.00020309278100496766
Morgan_1954,0.00020137811411015253
Morgan_1739,0.00020016634163191305
Morgan_1164,0.00019927625373805988
Morgan_784,0.000198577825902719
Morgan_145,0.00019819241937180088
Morgan_858,0.00019578421324136904
Morgan_649,0.00019486837084338563
Morgan_974,0.00019443885628738988
Morgan_2032,0.00019398486484265427
Morgan_1845,0.0001929857110455156
Morgan_1932,0.0001924066385829289
Morgan_10,0.00019213882653689905
Morgan_461,0.0001914400061548679
Morgan_214,0.00019072383097353416
Morgan_1849,0.00018936107386380784
Morgan_1535,0.0001869764940410008
Morgan_1951,0.00018562891025217482
Morgan_692,0.0001845044969900536
Morgan_1794,0.00018358181655389992
Morgan_1979,0.00018321159040387742
Morgan_1582,0.00018248480334998374
Morgan_1949,0.00018238878531313038
Morgan_519,0.00018166370338658095
Morgan_334,0.00018113125291943516
Morgan_1984,0.00018024674061067672
Morgan_1779,0.00017903871606847772
Morgan_1892,0.00017900528331977304
Morgan_1923,0.00017811375453493275
Morgan_1573,0.00017741191958171187
Morgan_1279,0.00017566543703749195
Morgan_504,0.00017516661752584948
Morgan_1306,0.0001740089609837501
Morgan_1931,0.00017358918748023677
Morgan_430,0.00017193902817918785
Morgan_1099,0.0001718394963480563
Morgan_1151,0.00017159310797945022
Morgan_1205,0.0001714825114093054
Morgan_802,0.00017028527504200455
Morgan_1349,0.0001702336970254042
Morgan_2004,0.00017022124845438084
Morgan_983,0.00017008902194246773
Morgan_1589,0.00016824946730954155
Morgan_493,0.00016642528408417764
Morgan_192,0.0001662623377531901
Morgan_1783,0.00016610401320258248
Morgan_1797,0.00016479927300770892
Morgan_132,0.00016470472026899698
Morgan_1853,0.00016418772828327604
Morgan_1143,0.00016301403862854395
Morgan_333,0.00016222782523401302
Morgan_1150,0.00016222738734726305
Morgan_1910,0.00016169457497097989
Morgan_1837,0.00016036954270245827
Morgan_474,0.00016022979632768675
Morgan_679,0.0001599217705534966
Morgan_713,0.00015954602549155835
Morgan_548,0.00015950491063001528
Morgan_438,0.0001590830234630172
Morgan_1560,0.0001589884703258961
Morgan_1549,0.00015867278351528312
Morgan_715,0.0001586677114894583
Morgan_1647,0.00015827918567185804
Morgan_469,0.00015745240983845518
Morgan_1001,0.0001562537004687589
Morgan_197,0.0001557492620618278
Morgan_1195,0.00015493329028280872
Morgan_838,0.00015377516651781948
Morgan_1208,0.000153401226815393
Morgan_1729,0.0001532874619733561
Morgan_1169,0.0001522950892208515
Morgan_2021,0.00015189704018477005
Morgan_1075,0.00015091172634284266
Morgan_742,0.00014857984087000188
Morgan_888,0.00014714247697733006
Morgan_1874,0.00014695656841889453
Morgan_1544,0.0001458146168073849
Morgan_1097,0.00014450055946586116
Morgan_1804,0.00014281243576316527
Morgan_991,0.00014245419210028403
Morgan_223,0.000141472041250424
Morgan_1141,0.00014119767247407536
Morgan_441,0.00014047480271731465
Morgan_1136,0.0001404221193553724
Morgan_1447,0.000140179339515861
Morgan_470,0.00013994543492170414
Morgan_1501,0.00013986154203824555
Morgan_1985,0.00013985226849130868
Morgan_581,0.00013951316319828623
Morgan_1963,0.00013945121433117655
Morgan_325,0.00013887531629390022
Morgan_785,0.00013858385126921344
Morgan_140,0.00013613724980758932
Morgan_1387,0.0001350218201757246
Morgan_1673,0.00013444641139394382
Morgan_84,0.00013378867861460922
Morgan_1922,0.0001334868607701363
Morgan_860,0.0001330711071276012
Morgan_1956,0.00013292310936510444
Morgan_1370,0.0001312966399623588
Morgan_908,0.0001301199643265022
Morgan_94,0.0001300697517378366
Morgan_276,0.0001299923500413052
Morgan_281,0.0001292327158443359
Morgan_622,0.000128972661280476
Morgan_431,0.000128756249680928
Morgan_787,0.00012656551120867574
Morgan_1034,0.00012639893919148053
Morgan_61,0.00012622590867993635
Morgan_922,0.00012442754452527235
Morgan_950,0.0001243414255034621
Morgan_289,0.00012403790586207016
Morgan_855,0.0001236696748800961
Morgan_1989,0.00012312577382551682
Morgan_716,0.0001228657843342683
Morgan_251,0.0001218121709962451
Morgan_743,0.00012169808376091873
Morgan_867,0.00012159365409895603
Morgan_1678,0.00012071365205574811
Morgan_1140,0.00012067466762142864
Morgan_718,0.00012057656166311953
Morgan_1695,0.00011913345481260395
Morgan_747,0.00011907999545696
Morgan_456,0.00011855528778695149
Morgan_1953,0.00011838595347364803
Morgan_1384,0.00011740422613294093
Morgan_564,0.0001172429395032416
Morgan_56,0.00011722741898479007
Morgan_1840,0.0001169674050185185
Morgan_1621,0.00011663460294597227
Morgan_1681,0.00011630411423386164
Morgan_383,0.00011610546445881388
Morgan_753,0.00011584634440200495
Morgan_130,0.00011481768960542364
Morgan_573,0.00011473942035500723
Morgan_1260,0.00011463663148802571
Morgan_206,0.0001138394234834464
Morgan_475,0.00011383167799757822
Morgan_1240,0.00011351691139845783
Morgan_1863,0.00011328153685713053
Morgan_233,0.00011227432162764771
Morgan_883,0.00011222156849676958
Morgan_1182,0.00011167565394172972
Morgan_310,0.00011081796656870274
Morgan_52,0.00011078344202573314
Morgan_1787,0.00011018811959683098
Morgan_1800,0.00010929709594273609
Morgan_789,0.00010910799918505109
Morgan_1950,0.00010910283667526709
Morgan_1049,0.00010847139601003573
Morgan_736,0.00010822908805735797
Morgan_99,0.00010814107043513795
Morgan_1324,0.000107419375365005
Morgan_97,0.00010732640026430953
Morgan_1184,0.00010704259474363246
Morgan_131,0.00010687957448025767
Morgan_1671,0.00010646801215425427
Morgan_255,0.00010576284755900006
Morgan_585,0.00010555234399456723
Morgan_1854,0.00010549018137881645
Morgan_218,0.00010545920548459292
Morgan_1264,0.00010530456688458224
Morgan_701,0.00010513414531220963
Morgan_1964,0.00010413829332262874
Morgan_910,0.0001041140923831146
Morgan_104,0.00010390794693088233
Morgan_2008,0.00010367094904165803
Morgan_790,0.00010358295384687576
Morgan_1416,0.00010332874314135533
Morgan_1839,0.00010315957558973154
Morgan_1063,0.00010282744693311714
Morgan_684,0.00010253968636358607
Morgan_1233,0.00010108008438820838
Morgan_703,0.000100532838128137
Morgan_527,0.00010048912531959585
Morgan_127,9.995066135440747e-05
Morgan_1971,9.95214497219317e-05
Morgan_43,9.779501174629473e-05
Morgan_121,9.72034021065339e-05
Morgan_248,9.688851230063224e-05
Morgan_517,9.648308989799105e-05
Morgan_562,9.637546404354656e-05
Morgan_1876,9.615615089827815e-05
Morgan_1819,9.57812901548738e-05
Morgan_1969,9.515784353631255e-05
Morgan_555,9.51072367235096e-05
Morgan_984,9.450826228471678e-05
Morgan_63,9.419726670076615e-05
Morgan_890,9.401782695699841e-05
Morgan_313,9.401688876342827e-05
Morgan_1903,9.364616127216194e-05
Morgan_2,9.36230925115015e-05
Morgan_226,9.330547647564617e-05
Morgan_1436,9.314744638453743e-05
Morgan_840,9.302190879727111e-05
Morgan_384,9.275605651577417e-05
Morgan_654,9.274765155084539e-05
Morgan_317,9.240647639235824e-05
Morgan_463,9.214745436472173e-05
Morgan_693,9.202908535943977e-05
Morgan_792,9.187961781831061e-05
Morgan_712,9.107195120884609e-05
Morgan_556,9.046291727137918e-05
Morgan_106,9.021765586146985e-05
Morgan_353,9.004138230406095e-05
Morgan_1418,8.994235013900072e-05
Morgan_1693,8.993224414805962e-05
Morgan_1760,8.931983158395005e-05
Morgan_25,8.916989452296553e-05
Morgan_602,8.863214307167356e-05
Morgan_2038,8.849704565487797e-05
Morgan_245,8.813991844155992e-05
Morgan_491,8.806007524394399e-05
Morgan_274,8.761803186808224e-05
Morgan_1884,8.73448758275448e-05
Morgan_50,8.67311237001498e-05
Morgan_102,8.658437186204908e-05
Morgan_1014,8.618757329585879e-05
Morgan_257,8.612878136088485e-05
Morgan_1618,8.608958854319307e-05
Morgan_1464,8.578112128053426e-05
Morgan_342,8.578073974945295e-05
Morgan_646,8.520539572760994e-05
Morgan_147,8.493770780598805e-05
Morgan_429,8.492260914626332e-05
Morgan_2034,8.434450041475884e-05
Morgan_516,8.325013983807991e-05
Morgan_1009,8.314008793490504e-05
Morgan_328,8.296778406247793e-05
Morgan_1795,8.289748631168319e-05
Morgan_1045,8.212118312748229e-05
Morgan_394,8.190738946626585e-05
Morgan_253,8.148585427337987e-05
Morgan_1422,8.110747557857795e-05
Morgan_801,8.105980841826534e-05
Morgan_972,8.081357033225797e-05
Morgan_1263,8.078523185356648e-05
Morgan_1087,8.061118301662873e-05
Morgan_1023,8.017748765430623e-05
Morgan_526,7.984016256924486e-05
Morgan_1413,7.98282711575798e-05
Morgan_1736,7.96129240224454e-05
Morgan_1511,7.957504914616875e-05
Morgan_1445,7.953465957943805e-05
Morgan_1873,7.933346941487544e-05
Morgan_1691,7.916586957292215e-05
Morgan_1056,7.913345444383417e-05
Morgan_1380,7.788012429877408e-05
Morgan_953,7.786978177363992e-05
Morgan_2037,7.733177326868945e-05
Morgan_221,7.719091200381596e-05
Morgan_278,7.715360239104911e-05
Morgan_242,7.661185155412087e-05
Morgan_1939,7.65813063522711e-05
Morgan_1189,7.640317448456893e-05
Morgan_93,7.560418327764277e-05
Morgan_1947,7.550431161215925e-05
Morgan_21,7.546927163443262e-05
Morgan_1424,7.488683181669104e-05
Morgan_1937,7.486372648662038e-05
Morgan_1852,7.472961704972023e-05
Morgan_990,7.470853033771782e-05
Morgan_1403,7.378659882093072e-05
Morgan_912,7.345245321297434e-05
Morgan_1668,7.330253731589096e-05
Morgan_1406,7.324888715081626e-05
Morgan_291,7.290307706647819e-05
Morgan_440,7.275294857373005e-05
Morgan_850,7.261752743223962e-05
Morgan_1104,7.244826555519678e-05
Morgan_151,7.229493446382236e-05
Morgan_1043,7.209602966263293e-05
Morgan_426,7.208646235899271e-05
Morgan_9,7.165269668410866e-05
Morgan_606,7.152554850472049e-05
Morgan_745,7.109632832066633e-05
Morgan_1255,7.102293514995671e-05
Morgan_1773,7.093858375889188e-05
Morgan_1526,7.050472551357187e-05
Morgan_927,7.03060899390702e-05
Morgan_611,7.016818794623844e-05
Morgan_641,7.0048352957073e-05
Morgan_685,7.002191907535007e-05
Morgan_1101,6.924191988407051e-05
Morgan_92,6.917538606091696e-05
Morgan_2044,6.877597088373297e-05
Morgan_609,6.864629684204111e-05
Morgan_1455,6.844872217964876e-05
Morgan_1751,6.844677635629495e-05
Morgan_592,6.816449782748672e-05
Morgan_1777,6.805181067843972e-05
Morgan_658,6.788069532022598e-05
Morgan_590,6.766455909707102e-05
Morgan_1717,6.765382739346587e-05
Morgan_1518,6.733534226314055e-05
Morgan_1904,6.726507565003776e-05
Morgan_1011,6.724885193984827e-05
Morgan_1758,6.714731012083881e-05
Morgan_1629,6.701833464319053e-05
Morgan_1592,6.694783057969439e-05
Morgan_1946,6.692760589119443e-05
Morgan_331,6.668061656042253e-05
Morgan_31,6.627925430171904e-05
Morgan_818,6.58986212934544e-05
Morgan_1115,6.568424163128489e-05
Morgan_485,6.564895444626999e-05
Morgan_528,6.533468164825708e-05
Morgan_771,6.52183738371355e-05
Morgan_1634,6.516759136032717e-05
Morgan_942,6.499592044757457e-05
Morgan_208,6.47836379297383e-05
Morgan_594,6.476172235703229e-05
Morgan_1899,6.445968724735005e-05
Morgan_1540,6.444228302542619e-05
Morgan_318,6.39573781576031e-05
Morgan_1100,6.385725888801412e-05
Morgan_726,6.359680912931073e-05
Morgan_1972,6.352865126562417e-05
Morgan_1809,6.305912139321484e-05
Morgan_1082,6.285679437221775e-05
Morgan_1531,6.262068817967325e-05
Morgan_1867,6.227894001482174e-05
Morgan_109,6.213708972907139e-05
Morgan_1636,6.192883418347691e-05
Morgan_87,6.11818272360028e-05
Morgan_979,6.095580098563246e-05
Morgan_405,6.052760343508394e-05
Morgan_776,6.049399761720011e-05
Morgan_1212,6.045878906770364e-05
Morgan_2045,6.027049133420555e-05
Morgan_1121,6.0095680391994725e-05
Morgan_1475,5.942675872991144e-05
Morgan_273,5.9304448739767235e-05
Morgan_1665,5.924256569811636e-05
Morgan_661,5.9218856478863215e-05
Morgan_246,5.906800858745654e-05
Morgan_762,5.8998458286209254e-05
Morgan_194,5.887524872476986e-05
Morgan_110,5.8639326461281516e-05
Morgan_1318,5.847977806968519e-05
Morgan_454,5.8387757411828164e-05
Morgan_1792,5.826483231026254e-05
Morgan_1624,5.805350984956801e-05
Morgan_949,5.804026444179676e-05
Morgan_1655,5.802736127738129e-05
Morgan_490,5.789098644638335e-05
Morgan_820,5.786894322505341e-05
Morgan_287,5.77891321214884e-05
Morgan_1110,5.7567492876223145e-05
Morgan_1305,5.7483051745627773e-05
Morgan_1040,5.7011517997033146e-05
Morgan_364,5.690491920046395e-05
Morgan_2023,5.685403461472316e-05
Morgan_1705,5.648090106333461e-05
Morgan_1842,5.64626694317083e-05
Morgan_740,5.643607497366474e-05
Morgan_775,5.6302098206332685e-05
Morgan_1013,5.611713304639559e-05
Morgan_1157,5.572646691434903e-05
Morgan_1519,5.5713251656373786e-05
Morgan_164,5.562721660335844e-05
Morgan_1294,5.5562720209809875e-05
Morgan_847,5.54429280142407e-05
Morgan_158,5.525723241004567e-05
Morgan_959,5.4958568899736366e-05
Morgan_714,5.4548647801342076e-05
Morgan_230,5.4315110694890074e-05
Morgan_1649,5.425913531960242e-05
Morgan_1230,5.424541015703506e-05
Morgan_1211,5.422619862468232e-05
Morgan_1679,5.406214669850022e-05
Morgan_872,5.400156657019927e-05
Morgan_167,5.385516728345297e-05
Morgan_1734,5.359543238036365e-05
Morgan_1503,5.343850735818747e-05
Morgan_1078,5.331524608761646e-05
Morgan_1339,5.324691275470319e-05
Morgan_1401,5.310317828880319e-05
Morgan_354,5.309958444943072e-05
Morgan_1741,5.308398111469637e-05
Morgan_42,5.2873682234374246e-05
Morgan_1537,5.2639848630446726e-05
Morgan_819,5.260668434002447e-05
Morgan_1146,5.2589665059155636e-05
Morgan_884,5.247535632293569e-05
Morgan_1033,5.245658313371031e-05
Morgan_20,5.2421180974150316e-05
Morgan_235,5.228019405393347e-05
Morgan_1838,5.221940580458177e-05
Morgan_1723,5.2166859828499377e-05
Morgan_1134,5.215584947088659e-05
Morgan_827,5.2032513362587065e-05
Morgan_1586,5.1963673980550105e-05
Morgan_1468,5.179802758365558e-05
Morgan_1245,5.169647625315389e-05
Morgan_1379,5.165551427358564e-05
Morgan_419,5.149806911973539e-05
Morgan_914,5.115944897084705e-05
Morgan_721,5.1060534413186036e-05
Morgan_1919,5.085002604959309e-05
Morgan_2007,5.083211285761356e-05
Morgan_885,5.0615406522875e-05
Morgan_978,5.0496179213529886e-05
Morgan_940,5.030750020793881e-05
Morgan_1064,5.000917853091513e-05
Morgan_473,4.9846590881881886e-05
Morgan_2026,4.964638834265561e-05
Morgan_1347,4.950877293295836e-05
Morgan_57,4.941757566502997e-05
Morgan_187,4.934290157257607e-05
Morgan_1017,4.9043427810755704e-05
Morgan_1299,4.888549648160779e-05
Morgan_557,4.8844127283755315e-05
Morgan_814,4.879089568374398e-05
Morgan_1420,4.8586837638534996e-05
Morgan_381,4.840085047405223e-05
Morgan_215,4.827622657412379e-05
Morgan_503,4.821588870865078e-05
Morgan_943,4.785080394380501e-05
Morgan_1982,4.778673699824187e-05
Morgan_909,4.776349144581409e-05
Morgan_1381,4.7719469135902795e-05
Morgan_75,4.7703921702371734e-05
Morgan_2000,4.7681470139373795e-05
Morgan_1994,4.749148740458022e-05
Morgan_1799,4.734029846264705e-05
Morgan_1377,4.701872741107972e-05
Morgan_1882,4.699416578843289e-05
Morgan_213,4.698368873683656e-05
Morgan_1880,4.6968990323426103e-05
Morgan_448,4.694349671542326e-05
Morgan_412,4.6846519945384983e-05
Morgan_1995,4.675781241041657e-05
Morgan_60,4.663890690535549e-05
Morgan_348,4.643373272310772e-05
Morgan_619,4.639445388803169e-05
Morgan_1142,4.6371711153983805e-05
Morgan_1940,4.619833314556567e-05
Morgan_1808,4.619609996648314e-05
Morgan_1086,4.604053386225224e-05
Morgan_1469,4.602684502101167e-05
Morgan_2010,4.587092754473818e-05
Morgan_741,4.560254204029029e-05
Morgan_261,4.5582519848541904e-05
Morgan_66,4.5545056556887224e-05
Morgan_1276,4.5366056846782705e-05
Morgan_1934,4.536226294395703e-05
Morgan_107,4.531650180511008e-05
Morgan_728,4.511227364300173e-05
Morgan_1065,4.501713596517403e-05
Morgan_628,4.49871881312394e-05
Morgan_1663,4.466709063262407e-05
Morgan_851,4.463597779862478e-05
Morgan_1126,4.4548955922205183e-05
Morgan_81,4.452503447663088e-05
Morgan_1764,4.452498343657238e-05
Morgan_1265,4.449644765021462e-05
Morgan_1003,4.432192701670845e-05
Morgan_1036,4.4287256535410656e-05
Morgan_1015,4.4252330281458225e-05
Morgan_1129,4.416910466949245e-05
Morgan_1089,4.414114157967672e-05
Morgan_40,4.405789564623863e-05
Morgan_1504,4.403142239398956e-05
Morgan_1657,4.4006094403205907e-05
Morgan_891,4.3911680905559184e-05
Morgan_571,4.389694293395599e-05
Morgan_1752,4.369098804700852e-05
Morgan_1423,4.368939363448245e-05
Morgan_1527,4.3399357342584345e-05
Morgan_172,4.3374398225025494e-05
Morgan_1510,4.326317558012105e-05
Morgan_598,4.31560033660641e-05
Morgan_1821,4.309902280505238e-05
Morgan_878,4.289685715018775e-05
Morgan_1831,4.287125513681427e-05
Morgan_944,4.2850257315408155e-05
Morgan_798,4.2837861032723775e-05
Morgan_1823,4.2729143805184805e-05
Morgan_1620,4.2632746996823665e-05
Morgan_500,4.261461080579387e-05
Morgan_640,4.2530358204569814e-05
Morgan_1062,4.249150531484822e-05
Morgan_34,4.220416320790892e-05
Morgan_987,4.2179613497518484e-05
Morgan_511,4.1719707206987604e-05
Morgan_1192,4.156207489180103e-05
Morgan_1638,4.153685718650466e-05
Morgan_1093,4.1319377115481836e-05
Morgan_1105,4.1220648381151566e-05
Morgan_1371,4.069884635358352e-05
Morgan_435,4.06637326447813e-05
Morgan_546,4.062708815760635e-05
Morgan_1446,4.050338463610333e-05
Morgan_1440,4.045213787447242e-05
Morgan_737,4.0399469480757836e-05
Morgan_300,4.0375944043800813e-05
Morgan_14,4.03188392643717e-05
Morgan_550,4.01887246275678e-05
Morgan_408,4.0046472827943224e-05
Morgan_634,3.988491385474592e-05
Morgan_670,3.984730086014418e-05
Morgan_1669,3.9827531731966905e-05
Morgan_1489,3.947433583002564e-05
Morgan_823,3.937242910123356e-05
Morgan_1442,3.9249426821320844e-05
Morgan_136,3.9158587189001205e-05
Morgan_1400,3.9081474504024784e-05
Morgan_960,3.888587381072176e-05
Morgan_1055,3.871328798775077e-05
Morgan_558,3.842238860032972e-05
Morgan_1781,3.822463822713068e-05
Morgan_1507,3.816201163562624e-05
Morgan_895,3.7989298966766415e-05
Morgan_1344,3.7876529098662826e-05
Morgan_1207,3.766626933718235e-05
Morgan_2020,3.760121966643501e-05
Morgan_702,3.7534728557349084e-05
Morgan_576,3.74518282680715e-05
Morgan_918,3.7370884298150964e-05
Morgan_1886,3.709174218773857e-05
Morgan_293,3.701265387665763e-05
Morgan_268,3.686793015072649e-05
Morgan_209,3.680269588619681e-05
Morgan_472,3.67612725495183e-05
Morgan_901,3.6511482117006124e-05
Morgan_496,3.649200428037803e-05
Morgan_275,3.645623291430718e-05
Morgan_204,3.636523760818983e-05
Morgan_1826,3.629805387053117e-05
Morgan_458,3.625043569199759e-05
Morgan_570,3.615947610968328e-05
Morgan_1633,3.595242545591001e-05
Morgan_1900,3.587431137685245e-05
Morgan_770,3.5816392430930725e-05
Morgan_1926,3.571177203155049e-05
Morgan_1170,3.5701246469783015e-05
Morgan_126,3.567522832396194e-05
Morgan_157,3.562267705860398e-05
Morgan_1290,3.5610474783693426e-05
Morgan_1336,3.559458754168501e-05
Morgan_976,3.5553150183818184e-05
Morgan_660,3.544249565106965e-05
Morgan_152,3.536123862913539e-05
Morgan_1630,3.527203862290723e-05
Morgan_1456,3.526609358581554e-05
Morgan_563,3.5208789452820314e-05
Morgan_1280,3.506265278249677e-05
Morgan_296,3.487521220645437e-05
Morgan_533,3.4718425431065304e-05
Morgan_1497,3.466364407796758e-05
Morgan_1523,3.457615993997106e-05
Morgan_494,3.4574183049727046e-05
Morgan_1494,3.452287810083701e-05
Morgan_185,3.4482176449284565e-05
Morgan_1346,3.440281378592548e-05
Morgan_583,3.432030819862636e-05
Morgan_711,3.426353583751679e-05
Morgan_637,3.419993496740034e-05
Morgan_1850,3.41781134946302e-05
Morgan_915,3.416365951850535e-05
Morgan_137,3.3906849823680594e-05
Morgan_168,3.381735149378706e-05
Morgan_1506,3.37390018640202e-05
Morgan_309,3.36844646371949e-05
Morgan_123,3.364226314261149e-05
Morgan_1912,3.36276876479157e-05
Morgan_1219,3.361690537651059e-05
Morgan_502,3.3549000441407985e-05
Morgan_1992,3.350964207182945e-05
Morgan_1646,3.339645575924754e-05
Morgan_689,3.329622722867237e-05
Morgan_1640,3.327167754231814e-05
Morgan_624,3.326695556924109e-05
Morgan_627,3.325441428705605e-05
Morgan_1419,3.323139385648238e-05
Morgan_1026,3.30352516304186e-05
Morgan_1181,3.301733798641178e-05
Morgan_946,3.2975406187013375e-05
Morgan_1356,3.287636393305177e-05
Morgan_450,3.285126815450062e-05
Morgan_952,3.2826779317454875e-05
Morgan_948,3.280553515798791e-05
Morgan_586,3.2744984500279365e-05
Morgan_947,3.274309347289578e-05
Morgan_1463,3.2731857313024644e-05
Morgan_171,3.25269356937637e-05
Morgan_1266,3.2495854556746255e-05
Morgan_1623,3.24829217079702e-05
Morgan_1094,3.247907535188205e-05
Morgan_1085,3.202357729398179e-05
Morgan_1975,3.1982948738095165e-05
Morgan_1037,3.1954987563607184e-05
Morgan_600,3.192170155921755e-05
Morgan_301,3.165979596495661e-05
Morgan_1622,3.164586155124673e-05
Morgan_67,3.162524112091886e-05
Morgan_2016,3.155584968756478e-05
Morgan_1870,3.154218755985205e-05
Morgan_1179,3.1465880953199107e-05
Morgan_1832,3.145226091479016e-05
Morgan_445,3.143518494681354e-05
Morgan_69,3.122526681324041e-05
Morgan_1737,3.116848460737847e-05
Morgan_1598,3.1087968867528865e-05
Morgan_616,3.0933153398530406e-05
Morgan_90,3.091258638003329e-05
Morgan_1128,3.081562817334258e-05
Morgan_252,3.0729026550593575e-05
Morgan_1829,3.058117476921937e-05
Morgan_1032,3.0506740790533685e-05
Morgan_757,3.0430287947815743e-05
Morgan_2014,3.0396719698542968e-05
Morgan_540,3.037841545602537e-05
Morgan_1524,3.0354623246559062e-05
Morgan_724,3.0271975774691037e-05
Morgan_1148,3.0255542716420267e-05
Morgan_539,3.0244511934762824e-05
Morgan_1718,3.0062491151302915e-05
Morgan_1270,2.9880386594179045e-05
Morgan_1674,2.9869801503756917e-05
Morgan_203,2.962900655745965e-05
Morgan_744,2.9623857335874393e-05
Morgan_497,2.9569536418839487e-05
Morgan_734,2.9437641927652486e-05
Morgan_1547,2.9340920082437943e-05
Morgan_1096,2.9180446375788673e-05
Morgan_1515,2.9105184740616115e-05
Morgan_1599,2.9012297319236366e-05
Morgan_1569,2.895537657653495e-05
Morgan_906,2.8784854110735335e-05
Morgan_1106,2.875980233134945e-05
Morgan_1434,2.8620488678976557e-05
Morgan_1790,2.8549794467618676e-05
Morgan_1835,2.848666546814139e-05
Morgan_1600,2.8463198238787048e-05
Morgan_1138,2.8458322619104504e-05
Morgan_1439,2.8316444322451663e-05
Morgan_1323,2.7785346623630175e-05
Morgan_1897,2.7777148960033106e-05
Morgan_471,2.7761489354084283e-05
Morgan_929,2.7553145232578295e-05
Morgan_1412,2.7509351639303078e-05
Morgan_1125,2.7393190099584406e-05
Morgan_766,2.733451552954011e-05
Morgan_302,2.731846913814168e-05
Morgan_446,2.7305548417253782e-05
Morgan_413,2.7268374541547378e-05
Morgan_1341,2.7215682381366486e-05
Morgan_1817,2.7164433141987005e-05
Morgan_135,2.7116714743294707e-05
Morgan_1577,2.7007070715625403e-05
Morgan_859,2.690167425567264e-05
Morgan_356,2.6854215039515807e-05
Morgan_846,2.6839438977077824e-05
Morgan_1326,2.6774496354434636e-05
Morgan_1313,2.671409866080754e-05
Morgan_1534,2.6646762867819803e-05
Morgan_760,2.6604798811597674e-05
Morgan_320,2.655321561822783e-05
Morgan_277,2.643614569506911e-05
Morgan_1981,2.6311062384153923e-05
Morgan_1268,2.615106979139082e-05
Morgan_1232,2.6026072472985527e-05
Morgan_997,2.592647551982944e-05
Morgan_2040,2.5907264870802538e-05
Morgan_547,2.5813097301273204e-05
Morgan_1197,2.5737395517127145e-05
Morgan_1300,2.5729109740687024e-05
Morgan_1437,2.5703625112475097e-05
Morgan_368,2.5688293496331993e-05
Morgan_142,2.5609208735152496e-05
Morgan_932,2.5578506586654906e-05
Morgan_1337,2.5522534614982008e-05
Morgan_307,2.5513401145160557e-05
Morgan_280,2.5501867576164564e-05
Morgan_327,2.545058077086654e-05
Morgan_788,2.5420850345765506e-05
Morgan_796,2.537750368267768e-05
Morgan_1130,2.5145114199901804e-05
Morgan_1666,2.5112220839003296e-05
Morgan_1175,2.4897324077360327e-05
Morgan_1593,2.488791091598722e-05
Morgan_1018,2.484444819201725e-05
Morgan_1786,2.4805455549135886e-05
Morgan_1147,2.469739480118143e-05
Morgan_103,2.4641939601022374e-05
Morgan_2017,2.461172066770111e-05
Morgan_1612,2.459770548773399e-05
Morgan_1200,2.4573664133127612e-05
Morgan_83,2.4488972658009948e-05
Morgan_659,2.4485757540441577e-05
Morgan_1973,2.4398320132040268e-05
Morgan_755,2.437845186656454e-05
Morgan_1878,2.4375583447240766e-05
Morgan_1301,2.4346433698994e-05
Morgan_506,2.4305651460510342e-05
Morgan_1386,2.429453996157775e-05
Morgan_62,2.4287000959927145e-05
Morgan_869,2.426875239063115e-05
Morgan_1578,2.4247780468621887e-05
Morgan_335,2.4190326394205433e-05
Morgan_1999,2.4097506219438807e-05
Morgan_122,2.408905275348745e-05
Morgan_358,2.4043066470384356e-05
Morgan_1814,2.397637347822646e-05
Morgan_1024,2.395851158836333e-05
Morgan_1958,2.3895696056384637e-05
Morgan_1834,2.38784452037317e-05
Morgan_1637,2.3868761704557978e-05
Morgan_1581,2.3806766020695838e-05
Morgan_466,2.3683185323509248e-05
Morgan_1772,2.361911494233466e-05
Morgan_414,2.3580956146536188e-05
Morgan_966,2.342696429651655e-05
Morgan_1364,2.3389435706428953e-05
Morgan_666,2.3365090610915575e-05
Morgan_156,2.335170144110257e-05
Morgan_1109,2.3258245934913188e-05
Morgan_260,2.3257990271098928e-05
Morgan_870,2.3194798604096578e-05
Morgan_73,2.3171994826716413e-05
Morgan_1583,2.3145241267306917e-05
Morgan_614,2.3099503157212696e-05
Morgan_1382,2.3054396950152324e-05
Morgan_1709,2.2981476506425876e-05
Morgan_735,2.295350311940249e-05
Morgan_421,2.294410577663048e-05
Morgan_968,2.2924829870581636e-05
Morgan_1920,2.2816454717685102e-05
Morgan_1778,2.2800939457177804e-05
Morgan_1918,2.277841846159189e-05
Morgan_115,2.2653435934644453e-05
Morgan_351,2.2562860220540926e-05
Morgan_732,2.2497270161849446e-05
Morgan_579,2.2485225899877525e-05
Morgan_774,2.230206159372021e-05
Morgan_237,2.2255594474088184e-05
Morgan_1557,2.224771970084791e-05
Morgan_1328,2.2173333414471653e-05
Morgan_833,2.2168358966498414e-05
Morgan_265,2.2113240948397647e-05
Morgan_1719,2.210609564037752e-05
Morgan_1881,2.209304869235305e-05
Morgan_451,2.2041464604134293e-05
Morgan_764,2.196671010379718e-05
Morgan_1574,2.19574652647401e-05
Morgan_1239,2.193581805688059e-05
Morgan_88,2.18838016496324e-05
Morgan_1222,2.187961309242681e-05
Morgan_889,2.182080749005102e-05
Morgan_1249,2.177281473413723e-05
Morgan_1220,2.164080110089395e-05
Morgan_515,2.1558786647503755e-05
Morgan_1472,2.1558199220851963e-05
Morgan_525,2.1442601277508417e-05
Morgan_259,2.1386128105015723e-05
Morgan_1643,2.1352665446679688e-05
Morgan_1743,2.1291547812989446e-05
Morgan_1767,2.1272202150520253e-05
Morgan_1076,2.1257674843103094e-05
Morgan_1302,2.122200662189709e-05
Morgan_1645,2.1178018160715183e-05
Morgan_1450,2.1005073681391822e-05
Morgan_1942,2.0994062568396555e-05
Morgan_1460,2.0979265090569e-05
Morgan_575,2.0950873628973035e-05
Morgan_835,2.0909523913607206e-05
Morgan_931,2.0848361310128752e-05
Morgan_1477,2.062269248913231e-05
Morgan_1074,2.059971581696357e-05
Morgan_1749,2.0595869785949877e-05
Morgan_811,2.0578894141244025e-05
Morgan_449,2.0421866690844614e-05
Morgan_524,2.041813259810466e-05
Morgan_1353,2.036493721368754e-05
Morgan_1858,2.0318736426384443e-05
Morgan_672,2.0235966353693384e-05
Morgan_11,2.021727005209987e-05
Morgan_1355,2.01361692826378e-05
Morgan_250,2.0040108960134438e-05
Morgan_1392,1.9985477912984387e-05
Morgan_72,1.9961790621868576e-05
Morgan_691,1.985441933309446e-05
Morgan_1986,1.980724996733302e-05
Morgan_1252,1.97671942973155e-05
Morgan_1895,1.9720703339223733e-05
Morgan_1107,1.9665819363473882e-05
Morgan_962,1.9627793691361894e-05
Morgan_876,1.9613128505542897e-05
Morgan_201,1.9574047629341588e-05
Morgan_37,1.955263220196112e-05
Morgan_1692,1.953545495621169e-05
Morgan_845,1.9467711128875795e-05
Morgan_1155,1.943039599808569e-05
Morgan_2015,1.937257042092572e-05
Morgan_1217,1.937096174399642e-05
Morgan_1675,1.932743773082197e-05
Morgan_177,1.931083036057421e-05
Morgan_374,1.9257482390134608e-05
Morgan_1490,1.925221543878285e-05
Morgan_1820,1.922944118171706e-05
Morgan_720,1.9053597052342305e-05
Morgan_1483,1.9033249962288046e-05
Morgan_1522,1.8880547884107273e-05
Morgan_1943,1.8808156595765272e-05
Morgan_2001,1.8790553266588747e-05
Morgan_1887,1.877975743801586e-05
Morgan_1875,1.875465415142847e-05
Morgan_763,1.8724998433909956e-05
Morgan_1237,1.8701475606607364e-05
Morgan_189,1.860296118744134e-05
Morgan_759,1.858322315756732e-05
Morgan_751,1.8569336677763777e-05
Morgan_603,1.856134131252834e-05
Morgan_420,1.8529916611823943e-05
Morgan_1721,1.8415004735115873e-05
Morgan_985,1.839864036866388e-05
Morgan_2005,1.8379391042565558e-05
Morgan_1495,1.8361820924544365e-05
Morgan_892,1.831017744490006e-05
Morgan_1726,1.819940842879995e-05
Morgan_772,1.818041681469488e-05
Morgan_1333,1.812717803956488e-05
Morgan_329,1.807860427332481e-05
Morgan_723,1.8008327005242994e-05
Morgan_559,1.7880138796627154e-05
Morgan_1601,1.7876508257864343e-05
Morgan_618,1.787563873033052e-05
Morgan_803,1.7848094160184447e-05
Morgan_1844,1.7840981610921496e-05
Morgan_1118,1.7775330385724646e-05
Morgan_15,1.771443412001097e-05
Morgan_982,1.757276224335792e-05
Morgan_428,1.748409199713776e-05
Morgan_1712,1.7459330446874396e-05
Morgan_955,1.744071807557474e-05
Morgan_1713,1.7429640914090492e-05
Morgan_1902,1.7399292231749938e-05
Morgan_243,1.738769243868187e-05
Morgan_202,1.736130128127526e-05
Morgan_1686,1.7350076189815062e-05
Morgan_1929,1.7321373918350075e-05
Morgan_1798,1.7287338397301204e-05
Morgan_1120,1.7281301965688334e-05
Morgan_777,1.7237703765462774e-05
Morgan_425,1.720687039246187e-05
Morgan_1000,1.7201492262396085e-05
Morgan_626,1.707840083672457e-05
Morgan_1846,1.7077066602443598e-05
Morgan_1704,1.701333128985996e-05
Morgan_476,1.700438658342316e-05
Morgan_1281,1.6964637743855686e-05
Morgan_234,1.6910713398652946e-05
Morgan_141,1.6872415049267426e-05
Morgan_1587,1.653126864474193e-05
Morgan_1187,1.6519968610192855e-05
Morgan_1746,1.6477652312916436e-05
Morgan_27,1.6396809499556895e-05
Morgan_1203,1.6347210410349047e-05
Morgan_1407,1.631438515755004e-05
Morgan_1317,1.6271558055338665e-05
Morgan_375,1.6247236213343236e-05
Morgan_913,1.6201122481520744e-05
Morgan_862,1.6168156073689927e-05
Morgan_357,1.6158081490061335e-05
Morgan_282,1.6104039207534677e-05
Morgan_822,1.6101638599083997e-05
Morgan_688,1.604191222199458e-05
Morgan_1576,1.5978299305362645e-05
Morgan_1368,1.5959537788818734e-05
Morgan_2022,1.5948587279165406e-05
Morgan_1714,1.594301430072996e-05
Morgan_1731,1.591287790119271e-05
Morgan_1172,1.585204521396884e-05
Morgan_393,1.5737355040616337e-05
Morgan_678,1.5688510472345814e-05
Morgan_1699,1.5680006166684397e-05
Morgan_514,1.5663409461461284e-05
Morgan_828,1.5640642200339567e-05
Morgan_480,1.5626351782669308e-05
Morgan_1727,1.560110307236376e-05
Morgan_340,1.5600091670163173e-05
Morgan_1521,1.556245509590428e-05
Morgan_577,1.5546515255720113e-05
Morgan_1776,1.5519082765730452e-05
Morgan_1334,1.5502620174095263e-05
Morgan_2018,1.547710572290857e-05
Morgan_568,1.5471415818855878e-05
Morgan_36,1.5459161676001412e-05
Morgan_1785,1.5411578014022915e-05
Morgan_2035,1.5399648806371915e-05
Morgan_1061,1.5321364957861727e-05
Morgan_1398,1.5223963526209402e-05
Morgan_89,1.5223144839943424e-05
Morgan_288,1.5219674191430239e-05
Morgan_1176,1.520568482250746e-05
Morgan_400,1.5113863518197666e-05
Morgan_782,1.51073664085569e-05
Morgan_849,1.5069843945616976e-05
Morgan_936,1.504879374717944e-05
Morgan_668,1.5021470256719599e-05
Morgan_1580,1.4992804012130497e-05
Morgan_101,1.4981972243469199e-05
Morgan_1833,1.497382370393055e-05
Morgan_899,1.497106132232915e-05
Morgan_1098,1.4969715959056938e-05
Morgan_212,1.4938626642671082e-05
Morgan_1188,1.4934322826918192e-05
Morgan_1664,1.4897756785973506e-05
Morgan_2042,1.4878291222414463e-05
Morgan_1251,1.4822195290400047e-05
Morgan_1856,1.4716922672389954e-05
Morgan_924,1.4690259864939502e-05
Morgan_229,1.4687762262990741e-05
Morgan_1288,1.4675820775611e-05
Morgan_4,1.465890248413375e-05
Morgan_1896,1.4615832057719386e-05
Morgan_1513,1.4570127339543975e-05
Morgan_1615,1.4488898194470937e-05
Morgan_1613,1.4456155539695508e-05
Morgan_1287,1.443413966560286e-05
Morgan_112,1.4371438507770023e-05
Morgan_863,1.4360107364733438e-05
Morgan_347,1.424013719431437e-05
Morgan_2029,1.4212821997363204e-05
Morgan_989,1.4160203076267023e-05
Morgan_853,1.4090466995980039e-05
Morgan_1041,1.4025909383174199e-05
Morgan_975,1.4021450013683854e-05
Morgan_981,1.3981402973807887e-05
Morgan_220,1.3929435386919568e-05
Morgan_584,1.3924208902174755e-05
Morgan_433,1.3877621750751344e-05
Morgan_1332,1.3833206417516492e-05
Morgan_1335,1.3789129683398419e-05
Morgan_54,1.3775582957573076e-05
Morgan_1298,1.376658698392435e-05
Morgan_18,1.3732988463070694e-05
Morgan_967,1.3706067883353771e-05
Morgan_1796,1.3654019682884564e-05
Morgan_1762,1.364374067151819e-05
Morgan_1960,1.3562895098757216e-05
Morgan_615,1.355057906937173e-05
Morgan_1997,1.3515798781701135e-05
Morgan_1661,1.3515240583556115e-05
Morgan_133,1.3484731770047527e-05
Morgan_1267,1.3464739228784788e-05
Morgan_717,1.3448291478528865e-05
Morgan_1481,1.344783046335988e-05
Morgan_1579,1.3427897523581442e-05
Morgan_1226,1.3397080794501964e-05
Morgan_1007,1.3351719190652505e-05
Morgan_1676,1.3340762041748965e-05
Morgan_898,1.3335727040187604e-05
Morgan_501,1.3286628709462046e-05
Morgan_2006,1.3276671465809886e-05
Morgan_1597,1.3256016488227204e-05
Morgan_1802,1.324421161341441e-05
Morgan_53,1.3189845608826076e-05
Morgan_1366,1.3183628882026365e-05
Morgan_992,1.316578368576881e-05
Morgan_1575,1.3143253952117684e-05
Morgan_1156,1.3078516165904045e-05
Morgan_645,1.307766834035009e-05
Morgan_1016,1.3020585086918783e-05
Morgan_1775,1.2990024642210572e-05
Morgan_795,1.2986774293422526e-05
Morgan_182,1.2941442290482664e-05
Morgan_484,1.2935728389429712e-05
Morgan_1058,1.2909819366690414e-05
Morgan_569,1.286749769354233e-05
Morgan_1362,1.286442879995925e-05
Morgan_1925,1.2817642873928587e-05
Morgan_1390,1.278509272307425e-05
Morgan_1154,1.2692489575285114e-05
Morgan_1755,1.2614373971285578e-05
Morgan_1667,1.2533754924515919e-05
Morgan_1029,1.2485924562957302e-05
Morgan_993,1.2426546825637879e-05
Morgan_2027,1.2413025315364503e-05
Morgan_900,1.2404499047226393e-05
Morgan_271,1.2386765602174232e-05
Morgan_263,1.2296609219779488e-05
Morgan_1558,1.218676737635275e-05
Morgan_143,1.2162912155016385e-05
Morgan_437,1.2159278944364931e-05
Morgan_1868,1.2146658089669966e-05
Morgan_1730,1.212089052052076e-05
Morgan_155,1.2115893652051958e-05
Morgan_1529,1.2100532645023426e-05
Morgan_1275,1.2034422098671517e-05
Morgan_1090,1.20231509188916e-05
Morgan_1278,1.2016667649592906e-05
Morgan_1283,1.1982238611966032e-05
Morgan_1194,1.1960657861543782e-05
Morgan_1877,1.1939869860742195e-05
Morgan_267,1.1910586721801304e-05
Morgan_1628,1.1885350724373521e-05
Morgan_1166,1.1879942630396056e-05
Morgan_836,1.1818073043491582e-05
Morgan_1626,1.1808646900642504e-05
Morgan_125,1.1774032418892682e-05
Morgan_1273,1.176616461565748e-05
Morgan_180,1.1752897804785658e-05
Morgan_217,1.1735996730011615e-05
Morgan_597,1.1611779694620951e-05
Morgan_1763,1.1518595024653537e-05
Morgan_1320,1.1518097617484121e-05
Morgan_1977,1.150440848783053e-05
Morgan_941,1.146930337179741e-05
Morgan_149,1.1455480887412879e-05
Morgan_1539,1.1427944842799974e-05
Morgan_994,1.1418211618088302e-05
Morgan_917,1.1315708619327238e-05
Morgan_85,1.1236422113233533e-05
Morgan_1284,1.1219232033124692e-05
Morgan_76,1.1219021219976865e-05
Morgan_1491,1.1168243942605498e-05
Morgan_144,1.114893678722412e-05
Morgan_1030,1.1125904794542167e-05
Morgan_26,1.1057199789021082e-05
Morgan_146,1.0995302325693059e-05
Morgan_1935,1.0992744279976476e-05
Morgan_1020,1.0986332952468662e-05
Morgan_402,1.0969442284325539e-05
Morgan_531,1.0917004471319623e-05
Morgan_1103,1.0843873542069937e-05
Morgan_1327,1.083769880601101e-05
Morgan_1289,1.0808242739623173e-05
Morgan_1801,1.0807798145647295e-05
Morgan_1185,1.0796021185778168e-05
Morgan_290,1.077311428532464e-05
Morgan_1427,1.0711792259923494e-05
Morgan_64,1.0705061134244348e-05
Morgan_1231,1.0691171498867577e-05
Morgan_1307,1.0649284325492528e-05
Morgan_1461,1.0606127790974325e-05
Morgan_1827,1.0596356717526245e-05
Morgan_815,1.0560364356385438e-05
Morgan_1554,1.0541517876898101e-05
Morgan_1585,1.0512033453408159e-05
Morgan_971,1.0504804757893144e-05
Morgan_1473,1.0485769892145423e-05
Morgan_1561,1.0433162096383382e-05
Morgan_326,1.041051259109919e-05
Morgan_937,1.038355410904219e-05
Morgan_91,1.0361011884150142e-05
Morgan_752,1.0351323179531255e-05
Morgan_722,1.0318131167263612e-05
Morgan_266,1.0276563336015037e-05
Morgan_1031,1.0273108247933903e-05
Morgan_1470,1.0258537983440112e-05
Morgan_1710,1.0202832842032953e-05
Morgan_1609,1.0191321613187943e-05
Morgan_262,1.0168756991663411e-05
Morgan_623,1.0164555705117069e-05
Morgan_1042,1.0121140709964004e-05
Morgan_1756,1.0116916437223307e-05
Morgan_1944,1.0096418199554658e-05
Morgan_488,1.0071322758847388e-05
Morgan_1221,1.0022849045925043e-05
Morgan_813,1.0013076308660925e-05
Morgan_1945,1.0005334948188348e-05
Morgan_1375,9.998154152133414e-06
Morgan_2028,9.99363883866331e-06
Morgan_7,9.972138333022241e-06
Morgan_236,9.95843168856784e-06
Morgan_1774,9.958173580849257e-06
Morgan_580,9.948658104997591e-06
Morgan_1864,9.901123863008345e-06
Morgan_572,9.88383482995443e-06
Morgan_423,9.798038553424223e-06
Morgan_315,9.739691027742689e-06
Morgan_541,9.720721996850418e-06
Morgan_1914,9.713104586222481e-06
Morgan_608,9.706392180227568e-06
Morgan_1889,9.692641900858816e-06
Morgan_1376,9.615334920793986e-06
Morgan_933,9.59334081646299e-06
Morgan_1458,9.488095851684847e-06
Morgan_1218,9.457762951685717e-06
Morgan_1216,9.447240537669131e-06
Morgan_1502,9.359407278354432e-06
Morgan_1404,9.33143608369477e-06
Morgan_644,9.221622287272327e-06
Morgan_1161,9.219262032649121e-06
Morgan_1025,9.20437574587911e-06
Morgan_1343,9.166239055374844e-06
Morgan_812,9.153697954591539e-06
Morgan_1488,9.13554311179899e-06
Morgan_727,9.129710746012048e-06
Morgan_1168,9.100553297440324e-06
Morgan_1652,9.049258585404763e-06
Morgan_1860,9.037889990633215e-06
Morgan_240,9.019377609083402e-06
Morgan_1293,9.00602606855316e-06
Morgan_33,8.966444087093494e-06
Morgan_47,8.929738859930233e-06
Morgan_521,8.84513212513086e-06
Morgan_642,8.829982972454386e-06
Morgan_970,8.821166354855058e-06
Morgan_424,8.802315948223123e-06
Morgan_1498,8.768088651572492e-06
Morgan_973,8.761703636361678e-06
Morgan_1894,8.75190607193745e-06
Morgan_1409,8.740537598860539e-06
Morgan_32,8.659571024694564e-06
Morgan_746,8.638570130643697e-06
Morgan_286,8.528427577496167e-06
Morgan_518,8.52359851134848e-06
Morgan_629,8.516083876966753e-06
Morgan_729,8.506220053000378e-06
Morgan_134,8.473291401599438e-06
Morgan_2046,8.410221339339166e-06
Morgan_663,8.389392458720843e-06
Morgan_397,8.34996173200412e-06
Morgan_805,8.34888243760595e-06
Morgan_1153,8.283960245974407e-06
Morgan_532,8.278919436531584e-06
Morgan_593,8.238952425242534e-06
Morgan_894,8.204906723546897e-06
Morgan_522,8.200183750726179e-06
Morgan_2036,8.196599199448447e-06
Morgan_651,8.1873124481689e-06
Morgan_1342,8.186202980209717e-06
Morgan_1996,8.154646582822613e-06
Morgan_1393,8.11046279281271e-06
Morgan_1186,8.0568067568948e-06
Morgan_1871,7.958873338526054e-06
Morgan_295,7.886950668454256e-06
Morgan_303,7.833368832215975e-06
Morgan_804,7.813296303272806e-06
Morgan_1095,7.81257769027584e-06
Morgan_1204,7.809171349041219e-06
Morgan_1248,7.779028115423441e-06
Morgan_1402,7.708137196570148e-06
Morgan_1411,7.700696984483552e-06
Morgan_904,7.647052941374756e-06
Morgan_509,7.64657466315048e-06
Morgan_534,7.643141301946158e-06
Morgan_1843,7.610354340097324e-06
Morgan_957,7.606226754324423e-06
Morgan_1769,7.600256723781314e-06
Morgan_120,7.5254245085102556e-06
Morgan_1425,7.522642820285635e-06
Morgan_1608,7.522243160217898e-06
Morgan_861,7.505076196262964e-06
Morgan_1005,7.483650073587666e-06
Morgan_1242,7.479184372824092e-06
Morgan_160,7.4289196004715e-06
Morgan_730,7.334237345323777e-06
Morgan_1167,7.273386018322575e-06
Morgan_617,7.269988520991013e-06
Morgan_1360,7.269381208942193e-06
Morgan_1698,7.235351655406216e-06
Morgan_304,7.117282591017734e-06
Morgan_1644,7.115560211025858e-06
Morgan_773,7.090131807167355e-06
Morgan_1828,7.0830706147837235e-06
Morgan_874,7.079594418980378e-06
Morgan_1924,7.072930135068458e-06
Morgan_422,7.06097969456763e-06
Morgan_930,7.033353821219538e-06
Morgan_1770,7.026901553747932e-06
Morgan_113,6.984570787532348e-06
Morgan_1677,6.980767100945314e-06
Morgan_1701,6.956185823784448e-06
Morgan_2025,6.9513742644103535e-06
Morgan_1291,6.890462801454406e-06
Morgan_939,6.88309750922743e-06
Morgan_1271,6.8798475740391505e-06
Morgan_198,6.860061967453966e-06
Morgan_821,6.7929931837637895e-06
Morgan_1635,6.738735433825008e-06
Morgan_362,6.727873605587621e-06
Morgan_817,6.720932860761662e-06
Morgan_1952,6.709898106020816e-06
Morgan_848,6.709759556531891e-06
Morgan_1822,6.699495216275192e-06
Morgan_1898,6.684317736219722e-06
Morgan_705,6.6725579722519574e-06
Morgan_954,6.66839326861643e-06
Morgan_530,6.599542323134283e-06
Morgan_1555,6.51980846133328e-06
Morgan_1890,6.514236143536087e-06
Morgan_655,6.460916491688377e-06
Morgan_1394,6.427264837215453e-06
Morgan_1841,6.358571282451836e-06
Morgan_285,6.356065469394033e-06
Morgan_373,6.322738435922959e-06
Morgan_664,6.30569346711625e-06
Morgan_264,6.281990630885898e-06
Morgan_1178,6.182665004067136e-06
Morgan_1158,6.145222187853989e-06
Morgan_1685,6.108434112836061e-06
Morgan_55,6.0995946219402835e-06
Morgan_1611,6.088029526937683e-06
Morgan_630,6.055102155214443e-06
Morgan_1348,6.0422936971421415e-06
Morgan_749,6.023154019196236e-06
Morgan_1479,6.004430165458175e-06
Morgan_404,6.003238372265166e-06
Morgan_1962,5.978168119287497e-06
Morgan_707,5.976972888268982e-06
Morgan_1269,5.964990361090725e-06
Morgan_1180,5.961277776507233e-06
Morgan_1656,5.952102921229549e-06
Morgan_270,5.948439406351198e-06
Morgan_372,5.939191087435353e-06
Morgan_925,5.901037895282834e-06
Morgan_700,5.880277470758981e-06
Morgan_1548,5.80583898420472e-06
Morgan_698,5.7984976814282455e-06
Morgan_1421,5.786356227989372e-06
Morgan_589,5.688945457327096e-06
Morgan_380,5.667658837752317e-06
Morgan_1190,5.629171452823014e-06
Morgan_1173,5.624468188031105e-06
Morgan_1378,5.583454288968448e-06
Morgan_1443,5.5641690189155885e-06
Morgan_871,5.533756618453568e-06
Morgan_1133,5.5316611454880704e-06
Morgan_460,5.527362435751649e-06
Morgan_554,5.525977606412451e-06
Morgan_536,5.523380188985978e-06
Morgan_96,5.498001159900248e-06
Morgan_1514,5.495328977029832e-06
Morgan_338,5.406062558212297e-06
Morgan_887,5.372011903754272e-06
Morgan_538,5.369670044515766e-06
Morgan_1123,5.3663851681091076e-06
Morgan_1227,5.3089082909202745e-06
Morgan_1210,5.26716121592457e-06
Morgan_1247,5.2363136179943725e-06
Morgan_1961,5.1993497557418896e-06
Morgan_457,5.18069760386726e-06
Morgan_761,5.1759675951429745e-06
Morgan_1955,5.170880318381941e-06
Morgan_1742,5.1627842592965315e-06
Morgan_1083,5.152667735229931e-06
Morgan_22,5.103270524716113e-06
Morgan_945,5.096632238369402e-06
Morgan_1654,5.0073646316898014e-06
Morgan_239,4.996195767284661e-06
Morgan_481,4.950899681746774e-06
Morgan_100,4.923554537080184e-06
Morgan_39,4.906461936923754e-06
Morgan_1857,4.905590736386251e-06
Morgan_379,4.904693000010118e-06
Morgan_1296,4.839900638346006e-06
Morgan_1044,4.824026588724662e-06
Morgan_1759,4.820104834218878e-06
Morgan_1137,4.7845777099806645e-06
Morgan_2041,4.753257590446993e-06
Morgan_988,4.736526773527881e-06
Morgan_370,4.7142767380338585e-06
Morgan_1768,4.712545436364995e-06
Morgan_596,4.700933017976085e-06
Morgan_179,4.6861601538385185e-06
Morgan_1191,4.683016495373162e-06
Morgan_1619,4.677965422800352e-06
Morgan_175,4.6592849204641376e-06
Morgan_765,4.613382257646537e-06
Morgan_938,4.6036227969306024e-06
Morgan_1546,4.597368899838203e-06
Morgan_671,4.577467668567662e-06
Morgan_1372,4.513557335029077e-06
Morgan_1596,4.501190149794441e-06
Morgan_1707,4.478398591876689e-06
Morgan_808,4.443522194646534e-06
Morgan_1449,4.43081571852932e-06
Morgan_1010,4.386776867985101e-06
Morgan_549,4.347602471573639e-06
Morgan_1812,4.3005660774651935e-06
Morgan_410,4.299763798467482e-06
Morgan_574,4.275109032744588e-06
Morgan_138,4.241138984347796e-06
Morgan_1966,4.233907680775159e-06
Morgan_1021,4.195347776588538e-06
Morgan_1369,4.157967394376617e-06
Morgan_205,4.154810040042712e-06
Morgan_442,4.1121384212403705e-06
Morgan_934,4.045848749779886e-06
Morgan_779,3.989881646296569e-06
Morgan_1974,3.980915188148454e-06
Morgan_495,3.979407049355305e-06
Morgan_344,3.976300506957798e-06
Morgan_780,3.9268223210826656e-06
Morgan_330,3.918403107795156e-06
Morgan_897,3.913596968745081e-06
Morgan_854,3.912934549604152e-06
Morgan_1908,3.892801764207992e-06
Morgan_59,3.84824552656313e-06
Morgan_639,3.812669615168269e-06
Morgan_1930,3.809335945980283e-06
Morgan_154,3.769740043710455e-06
Morgan_1225,3.76667382598386e-06
Morgan_1215,3.760071951660208e-06
Morgan_1659,3.7007112865246646e-06
Morgan_2031,3.6895526080810507e-06
Morgan_1616,3.6449793252150897e-06
Morgan_956,3.5630439382618945e-06
Morgan_1883,3.5627519985749157e-06
Morgan_78,3.5446763918516308e-06
Morgan_829,3.5058254355588592e-06
Morgan_1520,3.463896803268122e-06
Morgan_1071,3.4420865600298134e-06
Morgan_492,3.436640384137664e-06
Morgan_51,3.4081885859484294e-06
Morgan_1374,3.3675336482171323e-06
Morgan_478,3.355528300525301e-06
Morgan_677,3.346014011989127e-06
Morgan_365,3.319394580031061e-06
Morgan_1715,3.2526557822191093e-06
Morgan_128,3.2319259191074385e-06
Morgan_1198,3.1970489591579067e-06
Morgan_23,3.1942730588794853e-06
Morgan_1451,3.1710373016663256e-06
Morgan_1588,3.1551867160894903e-06
Morgan_631,3.1532437648528445e-06
Morgan_1059,3.146482882288225e-06
Morgan_1806,3.1361446855717016e-06
Morgan_311,3.1311415996011996e-06
Morgan_880,3.111257900836032e-06
Morgan_1258,3.094086147508562e-06
Morgan_1177,3.0244223526432787e-06
Morgan_545,3.0121902843948817e-06
Morgan_625,3.0006939396698307e-06
Morgan_709,2.9922412341935896e-06
Morgan_1091,2.991290807800312e-06
Morgan_1466,2.9788769561622803e-06
Morgan_852,2.97754735228284e-06
Morgan_1338,2.932541518483816e-06
Morgan_1383,2.914114559272711e-06
Morgan_2002,2.8974886499722236e-06
Morgan_1493,2.8829382721327545e-06
Morgan_587,2.8702387403293908e-06
Morgan_1700,2.8643557375096135e-06
Morgan_427,2.8435403957862232e-06
Morgan_1784,2.8272212927685502e-06
Morgan_316,2.8120616816737304e-06
Morgan_1314,2.802035016367912e-06
Morgan_3,2.792499614658522e-06
Morgan_1229,2.779724766963271e-06
Morgan_535,2.7562227468821676e-06
Morgan_1008,2.753476055993572e-06
Morgan_865,2.7363196154014806e-06
Morgan_1235,2.7258860974726875e-06
Morgan_1590,2.709294764275164e-06
Morgan_607,2.708145537361754e-06
Morgan_1397,2.7029257399459464e-06
Morgan_662,2.6947290598093653e-06
Morgan_1316,2.613576206236427e-06
Morgan_916,2.610609266036765e-06
Morgan_1297,2.5591000237110625e-06
Morgan_1486,2.558633804142482e-06
Morgan_1431,2.550924127688138e-06
Morgan_308,2.5443051616916663e-06
Morgan_1395,2.51166052310734e-06
Morgan_1303,2.4495633557513783e-06
Morgan_462,2.4432045575470237e-06
Morgan_332,2.4351654062239327e-06
Morgan_636,2.432208265651732e-06
Morgan_452,2.4260845030493665e-06
Morgan_406,2.3778953595659496e-06
Morgan_1454,2.36996497387755e-06
Morgan_754,2.352821544617181e-06
Morgan_1757,2.342293950076533e-06
Morgan_1051,2.3047026187743797e-06
Morgan_1851,2.2903054464354202e-06
Morgan_1642,2.2801471567659066e-06
Morgan_377,2.268561920965548e-06
Morgan_416,2.242941247373944e-06
Morgan_105,2.2300007755555276e-06
Morgan_346,2.223889642789829e-06
Morgan_1053,2.191622703538742e-06
Morgan_312,2.184612560090134e-06
Morgan_1711,2.1403900982894135e-06
Morgan_605,2.1296022719993216e-06
Morgan_1805,2.1231122639918143e-06
Morgan_284,2.1195318563009116e-06
Morgan_1340,2.1190873988901596e-06
Morgan_758,2.076149022522183e-06
Morgan_432,2.0520035563361922e-06
Morgan_1793,2.0449438244370155e-06
Morgan_999,2.042221843984438e-06
Morgan_1358,1.9764049684239972e-06
Morgan_683,1.929954746016933e-06
Morgan_620,1.926691738445718e-06
Morgan_376,1.9169954059100744e-06
Morgan_1927,1.9009233646199023e-06
Morgan_2043,1.839465371187641e-06
Morgan_824,1.8301641268102435e-06
Morgan_210,1.8242780214642834e-06
Morgan_542,1.7902795391208028e-06
Morgan_1022,1.7724606290638815e-06
Morgan_139,1.7587668746196733e-06
Morgan_1046,1.7482160553889513e-06
Morgan_444,1.7040324009236684e-06
Morgan_647,1.6985614434269558e-06
Morgan_1509,1.6800117637676772e-06
Morgan_1484,1.6704276878705401e-06
Morgan_1079,1.6524208089501346e-06
Morgan_1906,1.6507928971932452e-06
Morgan_604,1.5997504513655899e-06
Morgan_163,1.598888557799583e-06
Morgan_298,1.590434614808054e-06
Morgan_1165,1.5461593122254098e-06
Morgan_1865,1.5388160962058372e-06
Morgan_731,1.5291391925760258e-06
Morgan_856,1.444997908032079e-06
Morgan_468,1.430978690154071e-06
Morgan_783,1.412530794600559e-06
Morgan_272,1.4077445146654672e-06
Morgan_704,1.3718421014311765e-06
Morgan_1684,1.3584237809370906e-06
Morgan_1976,1.31588749899139e-06
Morgan_578,1.302085899563176e-06
Morgan_1512,1.2800649930106065e-06
Morgan_254,1.271033272816691e-06
Morgan_1562,1.136288693539555e-06
Morgan_1744,1.133296756253995e-06
Morgan_1584,1.1174004430247502e-06
Morgan_1824,1.09669139858623e-06
Morgan_560,1.0927490724422044e-06
Morgan_48,1.0892600551699865e-06
Morgan_1067,1.083748511467529e-06
Morgan_1414,1.0621714204233132e-06
Morgan_1965,1.0370331000508395e-06
Morgan_1310,1.0310660941511115e-06
Morgan_1002,9.924215716049274e-07
Morgan_1426,9.707856927946277e-07
Morgan_339,9.092814170876645e-07
Morgan_1135,9.067348384972664e-07
Morgan_1550,8.707167885496578e-07
Morgan_337,8.52877685522893e-07
Morgan_1183,8.475186011493254e-07
Morgan_1081,8.428554114406256e-07
Morgan_963,7.962912793838245e-07
Morgan_1054,7.50515117676876e-07
Morgan_434,7.158969749789856e-07
Morgan_1610,6.88392834403501e-07
Morgan_1117,6.88384512021175e-07
Morgan_1432,6.786164503280378e-07
Morgan_1901,6.619344389524179e-07
Morgan_1124,5.392401441478063e-07
Morgan_1262,4.923410114653994e-07
Morgan_1352,4.735029234761182e-07
Morgan_86,4.1999031036641576e-07
Morgan_1435,3.6110929760661374e-07
Morgan_65,3.492326072574316e-07
Morgan_996,3.2522949383357213e-07
Morgan_778,3.234625295491881e-07
Morgan_38,2.587584328139553e-07
Morgan_19,2.3658184073404304e-07
Morgan_1241,2.075540043170132e-07
Morgan_965,1.7807990052938455e-07
Morgan_1909,7.02242662413914e-08
Morgan_2013,5.637740089044099e-08
Morgan_951,5.253496518896042e-08
Morgan_1193,0.0
Morgan_886,0.0
Morgan_877,0.0
Morgan_873,0.0
Morgan_1688,0.0
Morgan_1687,0.0
Morgan_403,0.0
Morgan_399,0.0
Morgan_398,0.0
Morgan_396,0.0
Morgan_391,0.0
Morgan_1614,0.0
Morgan_483,0.0
Morgan_479,0.0
Morgan_477,0.0
Morgan_1606,0.0
Morgan_1605,0.0
Morgan_1595,0.0
Morgan_1174,0.0
Morgan_1159,0.0
Morgan_907,0.0
Morgan_905,0.0
Morgan_1694,0.0
Morgan_1690,0.0
Morgan_459,0.0
Morgan_1720,0.0
Morgan_390,0.0
Morgan_1591,0.0
Morgan_499,0.0
Morgan_498,0.0
Morgan_487,0.0
Morgan_513,0.0
Morgan_512,0.0
Morgan_508,0.0
Morgan_388,0.0
Morgan_386,0.0
Morgan_382,0.0
Morgan_1706,0.0
Morgan_1703,0.0
Morgan_1702,0.0
Morgan_868,0.0
Morgan_866,0.0
Morgan_1206,0.0
Morgan_1568,0.0
Morgan_1566,0.0
Morgan_1565,0.0
Morgan_1740,0.0
Morgan_1735,0.0
Morgan_367,0.0
Morgan_363,0.0
Morgan_360,0.0
Morgan_359,0.0
Morgan_1732,0.0
Morgan_1728,0.0
Morgan_1725,0.0
Morgan_1559,0.0
Morgan_529,0.0
Morgan_520,0.0
Morgan_1556,0.0
Morgan_1553,0.0
Morgan_1552,0.0
Morgan_903,0.0
Morgan_1149,0.0
Morgan_1144,0.0
Morgan_923,0.0
Morgan_921,0.0
Morgan_1748,0.0
Morgan_505,0.0
Morgan_1213,0.0
Morgan_1782,0.0
Morgan_1780,0.0
Morgan_1551,0.0
Morgan_1543,0.0
Morgan_544,0.0
Morgan_543,0.0
Morgan_537,0.0
Morgan_1533,0.0
Morgan_336,0.0
Morgan_1753,0.0
Morgan_355,0.0
Morgan_349,0.0
Morgan_1528,0.0
Morgan_566,0.0
Morgan_565,0.0
Morgan_553,0.0
Morgan_551,0.0
Morgan_1525,0.0
Morgan_582,0.0
Morgan_306,0.0
Morgan_299,0.0
Morgan_297,0.0
Morgan_324,0.0
Morgan_321,0.0
Morgan_1228,0.0
Morgan_1223,0.0
Morgan_844,0.0
Morgan_842,0.0
Morgan_839,0.0
Morgan_1505,0.0
Morgan_919,0.0
Morgan_1139,0.0
Morgan_1132,0.0
Morgan_1131,0.0
Morgan_1127,0.0
Morgan_1788,0.0
Morgan_1532,0.0
Morgan_1818,0.0
Morgan_269,0.0
Morgan_1813,0.0
Morgan_1807,0.0
Morgan_292,0.0
Morgan_279,0.0
Morgan_1789,0.0
Morgan_920,0.0
Morgan_1500,0.0
Morgan_1499,0.0
Morgan_595,0.0
Morgan_1492,0.0
Morgan_1485,0.0
Morgan_613,0.0
Morgan_612,0.0
Morgan_882,0.0
Morgan_601,0.0
Morgan_599,0.0
Morgan_1478,0.0
Morgan_1474,0.0
Morgan_1471,0.0
Morgan_1467,0.0
Morgan_1465,0.0
Morgan_1836,0.0
Morgan_258,0.0
Morgan_256,0.0
Morgan_1329,0.0
Morgan_247,0.0
Morgan_1830,0.0
Morgan_1253,0.0
Morgan_1250,0.0
Morgan_1246,0.0
Morgan_1244,0.0
Morgan_49,0.0
Morgan_1234,0.0
Morgan_1122,0.0
Morgan_1119,0.0
Morgan_0,0.0
Morgan_1113,0.0
Morgan_1112,0.0
Morgan_2047,0.0
Morgan_964,0.0
Morgan_6,0.0
Morgan_958,0.0
Morgan_232,0.0
Morgan_1438,0.0
Morgan_1038,0.0
Morgan_1433,0.0
Morgan_24,0.0
Morgan_28,0.0
Morgan_200,0.0
Morgan_199,0.0
Morgan_1861,0.0
Morgan_1848,0.0
Morgan_228,0.0
Morgan_225,0.0
Morgan_224,0.0
Morgan_244,0.0
Morgan_238,0.0
Morgan_1462,0.0
Morgan_825,0.0
Morgan_183,0.0
Morgan_635,0.0
Morgan_633,0.0
Morgan_632,0.0
Morgan_1429,0.0
Morgan_35,0.0
Morgan_1415,0.0
Morgan_657,0.0
Morgan_1872,0.0
Morgan_902,0.0
Morgan_969,0.0
Morgan_1092,0.0
Morgan_1869,0.0
Morgan_1321,0.0
Morgan_211,0.0
Morgan_1448,0.0
Morgan_986,0.0
Morgan_174,0.0
Morgan_173,0.0
Morgan_170,0.0
Morgan_169,0.0
Morgan_1319,0.0
Morgan_1907,0.0
Morgan_1315,0.0
Morgan_1311,0.0
Morgan_1893,0.0
Morgan_1891,0.0
Morgan_1885,0.0
Morgan_196,0.0
Morgan_195,0.0
Morgan_188,0.0
Morgan_186,0.0
Morgan_1388,0.0
Morgan_686,0.0
Morgan_681,0.0
Morgan_648,0.0
Morgan_768,0.0
Morgan_676,0.0
Morgan_673,0.0
Morgan_669,0.0
Morgan_665,0.0
Morgan_1988,0.0
Morgan_1408,0.0
Morgan_1987,0.0
Morgan_1080,0.0
Morgan_1983,0.0
Morgan_82,0.0
Morgan_995,0.0
Morgan_830,0.0
Morgan_77,0.0
Morgan_1373,0.0
Morgan_710,0.0
Morgan_1916,0.0
Morgan_1913,0.0
Morgan_46,0.0
Morgan_161,0.0
Morgan_159,0.0
Morgan_153,0.0
Morgan_181,0.0
Morgan_178,0.0
Morgan_176,0.0
Morgan_1084,0.0
Morgan_1396,0.0
Morgan_1389,0.0
Morgan_697,0.0
Morgan_696,0.0
Morgan_1363,0.0
Morgan_1361,0.0
Morgan_1354,0.0
Morgan_1682,0.0
Morgan_1351,0.0
Morgan_129,0.0
Morgan_124,0.0
Morgan_150,0.0
Morgan_148,0.0
Morgan_1680,0.0
Morgan_1938,0.0
Morgan_1936,0.0
Morgan_1933,0.0
Morgan_810,0.0
Morgan_1006,0.0
Morgan_1641,0.0
Morgan_1968,0.0
Morgan_719,0.0
Morgan_1345,0.0
Morgan_733,0.0
Morgan_1639,0.0
Morgan_756,0.0
Morgan_1967,0.0
Morgan_1625,0.0
Morgan_118,0.0
Morgan_111,0.0
Morgan_108,0.0
Morgan_1957,0.0
Morgan_706,0.0
Morgan_453,0.0
Morgan_826,0.0
Morgan_791,0.0
Morgan_1286,0.0
Morgan_1277,0.0
Morgan_1272,0.0
Morgan_447,0.0
Morgan_1259,0.0
Morgan_748,0.0
Morgan_1331,0.0
Morgan_1330,0.0
Morgan_1073,0.0
Morgan_1072,0.0
Morgan_1069,0.0
Morgan_1068,0.0
Morgan_443,0.0
Morgan_1012,0.0
Morgan_44,0.0
Morgan_16,0.0
Morgan_17,0.0
Morgan_439,0.0
Morgan_1052,0.0
Morgan_467,0.0
Morgan_465,0.0
Morgan_2003,0.0
Morgan_70,0.0
Morgan_68,0.0
Morgan_1672,0.0
Morgan_1662,0.0
Morgan_799,0.0
Morgan_797,0.0
Morgan_2024,0.0
Morgan_98,0.0
Morgan_1202,0.0
Morgan_1658,0.0
Morgan_418,0.0
Morgan_417,0.0
Morgan_415,0.0
Morgan_436,0.0
Morgan_1201,0.0
Morgan_1651,0.0
Morgan_1650,0.0
Morgan_12,0.0
Morgan_2030,0.0
Morgan_2019,0.0
Morgan_1196,0.0
Morgan_2012,0.0
Morgan_2011,0.0
Morgan_793,0.0
